User Name,User Email
ADEKCOLL,Collins.Adek@eabl.com
KAWIRBEA,Kawira.Kawira@diageo.com
KIARIANT,Anthony.Kiarie@eabl.com
NDICHSIM,simon.ndichu@eabl.com
NDUNGFES,Festus.Ndungu@eabl.com
MBEREMAR1,Mary.Mberethi@diageo.com
OCHIECOL,Collins.Ochieng@eabl.com
MUENICAT,Catherine.Mueni@eabl.com
OWINOSUS,Susan.Owino@eabl.com
ONKANWHI,Whitney.Onkangi@diageo.com
ODHIAYUS,Yusuf.Odhiambo@eabl.com
ONGAGJUL,Julius.Ongaga@eabl.com